Workbook
Name aporte: APP!$E$12
Name patrimonio: APP!$E$15
Name qtd_anos: APP!$E$13
Name rendimento_carteira: APP!$E$8
Name salario: APP!$E$7
Name sugestao_investimento: APP!$E$9
Name taxa_mensal: APP!$E$14

Sheet APP
L3: SELECIONE O PERFIL | M3: Agressivo
C6: SETUP | G6: VALOR A SER INVESTIDO POR MÊS
C7: Proventos | E7: 100 | G7: =aporte -> 200
C8: Rendimento Carteira | E8: 0.006
C9: Sugestão de Investimento (30%) | E9: =E7*30% -> 30
C11: PLANNING | G11: TIPO DE FII | H11: % Sugerido | I11: Valores
C12: Quanto investir por mês ? | E12: 200 | G12: PAPEL | H12: =VLOOKUP($M$3&"-"&G12,Planilha2!$A:$D,4,FALSE) -> 0.5 | I12: =H12*$G$7 -> 100
C13: Por Quantos Anos ? | E13: 5 | G13: TIJOLO | H13: =VLOOKUP($M$3&"-"&G13,Planilha2!$A:$D,4,FALSE) -> 0.1 | I13: =H13*$G$7 -> 20
C14: Taxa de Rendimento mensal ? | E14: 0.01079 | G14: HÍBRIDOS | H14: =VLOOKUP($M$3&"-"&G14,Planilha2!$A:$D,4,FALSE) -> 0.05 | I14: =H14*$G$7 -> 10
C15: Patrimônio acumulado ? | E15: =FV(taxa_mensal,qtd_anos*12,aporte*-1) -> 16755.383 | G15: FOFs | H15: =VLOOKUP($M$3&"-"&G15,Planilha2!$A:$D,4,FALSE) -> 0.05 | I15: =H15*$G$7 -> 10
C16: Dividendos Mensais ? | E16: =patrimonio*rendimento_carteira -> 100.5323 | G16: DESENVOLVIMENTO | H16: =VLOOKUP($M$3&"-"&G16,Planilha2!$A:$D,4,FALSE) -> 0.2 | I16: =H16*$G$7 -> 40
G17: HOTELARIAS | H17: =VLOOKUP($M$3&"-"&G17,Planilha2!$A:$D,4,FALSE) -> 0.1 | I17: =H17*$G$7 -> 20
C18: Cenários | E18: Dividendos | I18: =SUM(I12:I17) -> 200
B19: 2 | C19: ="+2 Anos" -> +2 Anos | D19: =FV($E$14,$B19*12,$E$12*-1) -> 5445.5255 | E19: =D19*rendimento_carteira -> 32.673153
B20: 5 | C20: ="+5 Anos" -> +5 Anos | D20: =FV($E$14,$B20*12,$E$12*-1) -> 16755.383 | E20: =D20*rendimento_carteira -> 100.5323
B21: 10 | C21: ="+10 Anos" -> +10 Anos | D21: =FV($E$14,$B21*12,$E$12*-1) -> 48656.843 | E21: =D21*rendimento_carteira -> 291.94106
B22: 20 | C22: ="+20 Anos" -> +20 Anos | D22: =FV($E$14,$B22*12,$E$12*-1) -> 225039.68 | E22: =D22*rendimento_carteira -> 1350.2381
B23: 30 | C23: ="+30 Anos" -> +30 Anos | D23: =FV($E$14,$B23*12,$E$12*-1) -> 864433.93 | E23: =D23*rendimento_carteira -> 5186.6036

Sheet Planilha2
A2: CHAVE | B2: PERFIL | C2: TIPO DE FII | D2: %
A3: =B3&"-"&C3 -> Conservador-PAPEL | B3: Conservador | C3: PAPEL | D3: 0.3 | H3: %
A4: =B4&"-"&C4 -> Conservador-TIJOLO | B4: Conservador | C4: TIJOLO | D4: 0.5 | G4: Moderado-TIJOLO | H4: =VLOOKUP(G4,$A:$D,4,FALSE) -> 0.35
A5: =B5&"-"&C5 -> Conservador-HÍBRIDOS | B5: Conservador | C5: HÍBRIDOS | D5: 0.1
A6: =B6&"-"&C6 -> Conservador-FOFs | B6: Conservador | C6: FOFs | D6: 0.1
A7: =B7&"-"&C7 -> Conservador-DESENVOLVIMENTO | B7: Conservador | C7: DESENVOLVIMENTO | D7: 0
A8: =B8&"-"&C8 -> Conservador-HOTELARIAS | B8: Conservador | C8: HOTELARIAS | D8: 0
A9: =B9&"-"&C9 -> Moderado-PAPEL | B9: Moderado | C9: PAPEL | D9: 0.32
A10: =B10&"-"&C10 -> Moderado-TIJOLO | B10: Moderado | C10: TIJOLO | D10: 0.35
A11: =B11&"-"&C11 -> Moderado-HÍBRIDOS | B11: Moderado | C11: HÍBRIDOS | D11: 0.08
A12: =B12&"-"&C12 -> Moderado-FOFs | B12: Moderado | C12: FOFs | D12: 0.05
A13: =B13&"-"&C13 -> Moderado-DESENVOLVIMENTO | B13: Moderado | C13: DESENVOLVIMENTO | D13: 0.1
A14: =B14&"-"&C14 -> Moderado-HOTELARIAS | B14: Moderado | C14: HOTELARIAS | D14: 0.1
A15: =B15&"-"&C15 -> Agressivo-PAPEL | B15: Agressivo | C15: PAPEL | D15: 0.5
A16: =B16&"-"&C16 -> Agressivo-TIJOLO | B16: Agressivo | C16: TIJOLO | D16: 0.1
... A20: =B20&"-"&C20 -> Agressivo-HOTELARIAS | B20: Agressivo | C20: HOTELARIAS | D20: 0.1
